<?xml version="1.0" encoding="UTF-8"?>
<!-- generated by $Id: FA2FP-to-editorconfig.xslt,v 1.15 2009/03/31 14:21:53 mali Exp $ $Name: LS0-05-17-20090331 $-->
<if_elements xmlns:java="http://xml.apache.org/xalan/java" xmlns:fa2fp="http://bmw.com/2005/psdz.data.fa2fp">
<publication_targets>
<target code="IBA" desc="IBA"/>
<target code="Print" desc="Print"/>
</publication_targets>
<validity_types>
<type id="i-step" desc="I-Stufe" operation="fullset">

<value code="0909500" desc="0909500" categoryVal="i-stufe" criteriaVal="0909500"/>
</type>

<type id="SA" desc="Sonderausstattung">


<value code="1CA" desc="1CA_SELEKTION_CO2" categoryVal="9" criteriaVal="227"/>

<value code="212" desc="212_AUSST_BREMSANL_LAENDER" categoryVal="9" criteriaVal="190"/>

<value code="230" desc="230_EU_SPEZIFISCHE_ZUSATZUMFAENGE" categoryVal="9" criteriaVal="1122"/>

<value code="322" desc="322_PASSIVEACCESS" categoryVal="9" criteriaVal="22"/>

<value code="3AH" desc="3AH_RUECKFAHRKAMERA_MIT_TOP_VIEW" categoryVal="9" criteriaVal="567"/>

<value code="402" desc="402_PANORAMADACH" categoryVal="9" criteriaVal="29"/>

<value code="418" desc="418_GEPAECKRAUMPAKET" categoryVal="9" criteriaVal="1040"/>

<value code="428" desc="428_WARNDREIECK" categoryVal="9" criteriaVal="35"/>

<value code="453" desc="453_AKTIVSITZBELUEFTVORN" categoryVal="9" criteriaVal="41"/>
<value code="454" desc="454_AKTIVSITZBELUEFTFOND" categoryVal="9" criteriaVal="42"/>
<value code="455" desc="455_AKTIVSITZEVORNE" categoryVal="9" criteriaVal="43"/>

<value code="460" desc="460_KOMFORTSITZE_IM_FOND_ELEKTR" categoryVal="9" criteriaVal="46"/>

<value code="4NF" desc="4NF_ERWEITERTE_FONDKLIMATISIERUNG" categoryVal="9" criteriaVal="555"/>

<value code="4UM" desc="4UM_MASSAGEFUNKFONDSITZ" categoryVal="9" criteriaVal="58"/>
<value code="4UR" desc="4UR_AMBIENTES_LICHT" categoryVal="9" criteriaVal="556"/>

<value code="524" desc="524_ADAPTIVESKURVENLICHT" categoryVal="9" criteriaVal="65"/>

<value code="548" desc="548_KILOMETERTACHO" categoryVal="9" criteriaVal="193"/>

<value code="5AC" desc="5AC_FERNLICHTASSISTENT" categoryVal="9" criteriaVal="72"/>
<value code="5AD" desc="5AD_SPURVERLASSENSWARNUNG" categoryVal="9" criteriaVal="73"/>

<value code="5AH" desc="5AH_DEKODIERUNG_DYNAMISCHE_BREMSLEUCHTEN" categoryVal="9" criteriaVal="528"/>

<value code="5DK" desc="5DK_SIDE_VIEW_KAMERA" categoryVal="9" criteriaVal="233"/>

<value code="5DS" desc="5DS_KOFFERRAUMNOTENTRIEGELUNG" categoryVal="9" criteriaVal="236"/>

<value code="601" desc="601_TVFUNKTION" categoryVal="9" criteriaVal="75"/>

<value code="610" desc="610_HEADUPDISPLAY" categoryVal="9" criteriaVal="80"/>

<value code="620" desc="620_SPRACHEINGABESYSTEM" categoryVal="9" criteriaVal="84"/>

<value code="639" desc="639_KOMPLVORBHANDYUS_CDN" categoryVal="9" criteriaVal="87"/>

<value code="644" desc="644_HANDYVORBBTSCHNITTSTELLE" categoryVal="9" criteriaVal="89"/>
<value code="645" desc="645_RADIOSTEUERUNG_US" categoryVal="9" criteriaVal="194"/>
<value code="655" desc="655_SATELLITENTUNER" categoryVal="9" criteriaVal="93"/>

<value code="696" desc="696_DVDWECHSLER" categoryVal="9" criteriaVal="101"/>
<value code="699" desc="699_3_PH_MAI_OCN" categoryVal="3" criteriaVal="104"/>

<value code="6FH" desc="6FH_FOND_ENTERTAIMENT_PROF" categoryVal="9" criteriaVal="106"/>

<value code="6FL" desc="6FL_USB_AUDIO_SCHNITTSTELLE" categoryVal="9" criteriaVal="375"/>

<value code="6NF" desc="6NF_SMARTPHONE_VORB_BLUET_USB_AUD_SCHNITT" categoryVal="9" criteriaVal="611"/>
<value code="6S1" desc="6S1_SPRACHPAKET_TUERKISCH" categoryVal="10" criteriaVal="1132"/>
<value code="6S3" desc="6S3_SPRACHPAKET_PORTUGIESISCH" categoryVal="10" criteriaVal="1133"/>
<value code="6S4" desc="6S4_SPRACHPAKET_SCHWEDISCH" categoryVal="10" criteriaVal="1134"/>
<value code="6UD" desc="6UD_SPRACHPAKET_RUSSISCH" categoryVal="10" criteriaVal="178"/>

<value code="6UK" desc="6UK_NIGHT_VISION_MIT_OBJEKTERKENNUNG" categoryVal="9" criteriaVal="341"/>

<value code="791" desc="791_INDIVIDUAL_KUEHLBOX" categoryVal="9" criteriaVal="298"/>

<value code="823" desc="823_HEISSLANDAUSFUEHR" categoryVal="9" criteriaVal="125"/>	
<value code="825" desc="825_RADIOSTEUERUNG_OZEANIEN" categoryVal="9" criteriaVal="198"/>
<value code="851" desc="851_SPRACHPAKET_DEUTSCH" categoryVal="10" criteriaVal="153"/>

<value code="853" desc="853_SPRACHPAKET_ENGLISCH" categoryVal="10" criteriaVal="156"/>
<value code="854" desc="854_SPRACHPAKET_FRANZOESISCH" categoryVal="10" criteriaVal="159"/>
<value code="855" desc="855_SPRACHPAKET_ITALIENISCH" categoryVal="10" criteriaVal="161"/>
<value code="856" desc="856_SPRACHPAKET_SPANISCH" categoryVal="10" criteriaVal="181"/>

<value code="868" desc="868_SPRACHPAKET_NIEDERLAENDISCH" categoryVal="10" criteriaVal="173"/>
<value code="869" desc="869_SPRACHPAKET_SCHWEIZ" categoryVal="10" criteriaVal="147"/>
<value code="874" desc="874_FUNKFREQUENZ_434MHZ" categoryVal="9" criteriaVal="206"/>	
<value code="877" desc="877_UEBERKREUZBED_ENTFALL" categoryVal="9" criteriaVal="208"/>

<value code="879" desc="879_BETR_ANL_SERVICEHEFT_D" categoryVal="9" criteriaVal="131"/>
<value code="880" desc="880_BETR_ANL_SERVICEHEFT_GB" categoryVal="9" criteriaVal="209"/>
<value code="881" desc="881_BETR_ANL_SERVICEHEFT_F" categoryVal="9" criteriaVal="210"/>
<value code="883" desc="883_BETR_ANL_SERVICEHEFT_E" categoryVal="9" criteriaVal="211"/>
<value code="884" desc="884_BETR_ANL_SERVICEHEFT_I" categoryVal="9" criteriaVal="212"/>
<value code="885" desc="885_BETR_ANL_SERVICEHEFT_S" categoryVal="9" criteriaVal="213"/>
<value code="886" desc="886_BETR_ANL_SERVICEHEFT_NL" categoryVal="9" criteriaVal="214"/>
<value code="887" desc="887_BETR_ANL_SERVICEHEFT_ARA" categoryVal="9" criteriaVal="215"/>


<value code="896" desc="896_TAGFAHRLICHTSCHALTUNG" categoryVal="9" criteriaVal="219"/>
<value code="8LT" desc="8LT_LAENDERSTEUERUNG_TAIWAN_04825" categoryVal="9" criteriaVal="551"/>
<value code="8S2" desc="8S2_KODIERUNG_ALARMSIGNAL" categoryVal="9" criteriaVal="242"/>
<value code="8S3" desc="8S3_AUTOM_VERRIEGELUNG" categoryVal="9" criteriaVal="243"/>
<value code="8S4" desc="8S4_DEKODIERUNG_VARIABLE_LICHTVERTEILUNG" categoryVal="9" criteriaVal="517"/>

<value code="8S9" desc="8S9_FAHRZEUG_OHNE_KRAFTSTOFF" categoryVal="9" criteriaVal="570"/>

<value code="8SD" desc="8SD_UNTERFAHRSCHUTZ" categoryVal="9" criteriaVal="133"/>
<value code="8SH" desc="8SH_THAILAND_MOTOR" categoryVal="9" criteriaVal="1060"/>

<value code="8SP" desc="8SP_COP_STEUERUNG" categoryVal="9" criteriaVal="246"/>
<value code="8ST" desc="8ST_KODIERUNG_WARTUNGSINT_3" categoryVal="9" criteriaVal="247"/>

<value code="901" desc="901_SONDERKONTROLLE_FILM_FZG" categoryVal="18" criteriaVal="461"/>
<value code="902" desc="902_SONDERKONTROLLE_PRESSEWAGEN" categoryVal="18" criteriaVal="462"/>
<value code="903" desc="903_SONDERKONTROLLE_STAND_FOTO_WAGEN" categoryVal="18" criteriaVal="463"/>
<value code="905" desc="905_SONDERKONTROLLE_VORFUEHRWAGEN" categoryVal="9" criteriaVal="533"/>
<value code="906" desc="906_SONDERKONTROLLE_FOTOFZG_B_NEUANL" categoryVal="18" criteriaVal="464"/>
<value code="909" desc="909_DIAGNOSEDOSE_PLUS_VORSERIE" categoryVal="9" criteriaVal="299"/>
<value code="910" desc="910_KSP_STEUERUNG_OHNE_UEBERGABEINSP" categoryVal="9" criteriaVal="300"/>

<value code="925" desc="925_VERSANDSCHUTZPAKET" categoryVal="9" criteriaVal="220"/>

<value code="962" desc="962_KENNZ_TRAEGER_VO_ENTFALL" categoryVal="9" criteriaVal="221"/>

<value code="984" desc="984_KODIERWARTUNGINTERVAL" categoryVal="9" criteriaVal="188"/>

<value code="991" desc="991_STEUERUNG_VORSERIE" categoryVal="9" criteriaVal="381"/>
<value code="992" desc="992_STEUERUNG_K_ZEICHENBEF" categoryVal="9" criteriaVal="224"/>

<value code="997" desc="997_HAENDLERPRAESENTATION" categoryVal="9" criteriaVal="565"/>
<value code="998" desc="998_ANLAUFSTEUERUNG_INTERNE_BEDARFE" categoryVal="9" criteriaVal="534"/>
<value code="999" desc="999_AUFTRAGSSTEUERUNG_HEA" categoryVal="9" criteriaVal="535"/>

<value code="9AC" desc="9AC_TARNUNG_NSG_FAHRZEUGE" categoryVal="9" criteriaVal="1166"/>
<value code="9AE" desc="9AE_ENTWICKLUNGSKONFIG_EE_DATEN" categoryVal="9" criteriaVal="545"/>

<value code="RA1" desc="RA1_PICKNICK_TISCH" categoryVal="9" criteriaVal="1039"/>
<value code="RA5" desc="RA5_FUSSMATTE_LAMMWOLLE_VORNE_UND_HINTEN" categoryVal="9" criteriaVal="571"/>
<value code="RA8" desc="RA8_FUSSSTUETZE_FUER_FOND" categoryVal="9" criteriaVal="429"/>
<value code="RAD" desc="RAD_REGENSCHIRME_IM_FAHRZEUG" categoryVal="9" criteriaVal="572"/>
<value code="RAE" desc="RAE_ERWEITERTE_LEDERAUSSTATTUNG_HIMMEL" categoryVal="9" criteriaVal="430"/>
<value code="RAH" desc="RAH_ABLAGEROLLO_FUER_GEPAECKRAUM" categoryVal="9" criteriaVal="610"/>
<value code="RAM" desc="RAM_KOFFERRAUMVERKL_IN_INNENRAUMFARBE" categoryVal="9" criteriaVal="431"/>
<value code="RAP" desc="RAP_LENKRADSPEICHEN_FURNIERT" categoryVal="9" criteriaVal="432"/>
<value code="RAR" desc="RAR_PICKNICKTISCHE_FURNIERT" categoryVal="9" criteriaVal="433"/>
<value code="RAY" desc="RAY_VORB_VERFOLGUNG_GESTOHLENES_FAHRZEUG" categoryVal="9" criteriaVal="573"/>
<value code="RB2" desc="RB2_FLUESSIGMETALLLACKIERUNG_FRONTSCHEIBENRAHMEN" categoryVal="9" criteriaVal="606"/>

<value code="RC4" desc="RC4_ERWEITERTES_HOLZPAKET" categoryVal="9" criteriaVal="1032"/>
<value code="RC5" desc="RC5_HOCHGLANZ_EDELSTAHLPAKET" categoryVal="9" criteriaVal="1031"/>
<value code="RD3" desc="RD3_ZIERLINIE_EINFACH" categoryVal="9" criteriaVal="538"/>
<value code="RD4" desc="RD4_ZIERLINIE_DOPPELT" categoryVal="9" criteriaVal="539"/>

<value code="REF" desc="REF_SONNENSCHUTZ_HECKSCHEIBE_OYSTER" categoryVal="9" criteriaVal="1123"/>
<value code="REG" desc="REG_SONNENSCHUTZ_HECKSCHEIBE_SCHWARZ" categoryVal="9" criteriaVal="1124"/>
<value code="REH" desc="REH_SONNENSCHUTZ_FONDRAUM_OYSTER" categoryVal="9" criteriaVal="1125"/>
<value code="REK" desc="REK_SONNENSCHUTZ_FONDRAUM_SCHWARZ" categoryVal="9" criteriaVal="1126"/>
<value code="RF2" desc="RF2_MITTELKAPPE_SERIENRAD_CHROM" categoryVal="9" criteriaVal="436"/>

<value code="RFA" desc="RFA_LEICHTMETALLRAEDER_20_ZOLL" categoryVal="9" criteriaVal="575"/>
<value code="RFB" desc="RFB_VERCHROMTE_RAEDER_20_ZOLL" categoryVal="9" criteriaVal="576"/>
<value code="RG9" desc="RG9_ERWEITERTE_LEDERAUSSTATTUNG" categoryVal="9" criteriaVal="1030"/>
<value code="RH3" desc="RH3_HOLZ_NUSSBAUM" categoryVal="9" criteriaVal="1035"/>
<value code="RH7" desc="RH7_HOLZ_ULME_PAKET" categoryVal="9" criteriaVal="1036"/>
<value code="RHD" desc="RHD_HOLZ_PIANO_SCHWARZ" categoryVal="9" criteriaVal="1038"/>
<value code="RHP" desc="RHP_HOLZ_SANTOS_PALISANDER" categoryVal="9" criteriaVal="605"/>
<value code="RHR" desc="RHR_WENGE_DUNKEL_GERADE_MASER" categoryVal="9" criteriaVal="1037"/>
<value code="RM3" desc="RM3_DOPPELAUSPUFFROHR_SICHTBAR" categoryVal="9" criteriaVal="543"/>
<value code="XC4" desc="XC4_POLSTER_LENKR_DACHHIMMEL_EINSTIEGSL" categoryVal="9" criteriaVal="636"/>
<value code="XD5" desc="XD5_DACHHIMMEL_ALCANTARA" categoryVal="9" criteriaVal="634"/>
<value code="XE5" desc="XE5_PLATANE_ROTBRAUN_DUNKEL" categoryVal="9" criteriaVal="631"/>
<value code="XE6" desc="XE6_SATIN_NUSSBAUM_HONIGBRAUN" categoryVal="9" criteriaVal="632"/>
<value code="XE8" desc="XE8_PIANOLACK_SCHWARZ_MIT_INTARSIE" categoryVal="9" criteriaVal="633"/>
<value code="XL1" desc="XL1_HOLZINTARSIE_LT_LEISTE" categoryVal="9" criteriaVal="635"/>
</type>
<type id="production-date" desc="Baustand" operation="fullset">
<value code="0909" desc="SEPTEMBER_2009" categoryVal="255" criteriaVal="909"/>

</type>
<type id="country-version" desc="Ländervariante">
<value code="ECE" desc="ECE" categoryVal="17" criteriaVal="155"/>

</type>
<type id="e-code" desc="E-Bezeichnung">
<value code="F01" desc="F01" categoryVal="1" criteriaVal="353"/>
</type>
<type id="steering" desc="Lenkseite">
<value code="LL" desc="LL" categoryVal="7" criteriaVal="167"/>
</type>
<type id="engine" desc="Motor">
<value code="N74B66" desc="N74B66" categoryVal="13" criteriaVal="452"/>
</type>
<type id="mix" desc="Treibstoff">
<value code="BENZIN" desc="BENZIN" categoryVal="11" criteriaVal="142"/>
</type>
<type id="body" desc="Karosserieform">
<value code="LIMOUSINE" desc="LIMOUSINE" categoryVal="4" criteriaVal="166"/>
</type>
<type id="cylinders" desc="Zylinderzahl">
<value code="12_ZYL" desc="12_ZYL" categoryVal="128" criteriaVal="12"/>
</type>
<type id="capacity" desc="Hubraum">
<value code="6600CCM" desc="6600CCM" categoryVal="129" criteriaVal="66"/>
</type>
</validity_types>
</if_elements>
